Datetime,Water Level (m)
2025-08-08 12:00:00,0.22098264
2025-08-08 13:00:00,0.025661444
2025-08-08 14:00:00,-0.07542089
2025-08-08 15:00:00,0.10660649
2025-08-08 16:00:00,0.37326336
2025-08-08 17:00:00,0.6482783
2025-08-08 18:00:00,0.9043471
2025-08-08 19:00:00,1.0662243
2025-08-08 20:00:00,0.98162013
2025-08-08 21:00:00,0.76941186
2025-08-08 22:00:00,0.5550249
2025-08-08 23:00:00,0.3256882
2025-08-09 00:00:00,0.10773343
2025-08-09 01:00:00,-0.09675598
2025-08-09 02:00:00,-0.16484514
2025-08-09 03:00:00,0.082410514
2025-08-09 04:00:00,0.39042616
2025-08-09 05:00:00,0.7162875
2025-08-09 06:00:00,1.0492816
2025-08-09 07:00:00,1.2948613
2025-08-09 08:00:00,1.3343595
2025-08-09 09:00:00,1.1430964
2025-08-09 10:00:00,0.9416387
2025-08-09 11:00:00,0.6996499
2025-08-09 12:00:00,0.46113288
2025-08-09 13:00:00,0.20469002
2025-08-09 14:00:00,-0.0037116932
2025-08-09 15:00:00,-0.015816024
2025-08-09 16:00:00,0.2612993
2025-08-09 17:00:00,0.5603343
2025-08-09 18:00:00,0.8481861
2025-08-09 19:00:00,1.098926
2025-08-09 20:00:00,1.1798816
2025-08-09 21:00:00,0.9975068
2025-08-09 22:00:00,0.77604634
2025-08-09 23:00:00,0.545826
2025-08-10 00:00:00,0.3041833
2025-08-10 01:00:00,0.0802145
2025-08-10 02:00:00,-0.12050408
2025-08-10 03:00:00,-0.10023857
2025-08-10 04:00:00,0.1953356
2025-08-10 05:00:00,0.5299949
2025-08-10 06:00:00,0.8842834
2025-08-10 07:00:00,1.2300929
2025-08-10 08:00:00,1.4183658
2025-08-10 09:00:00,1.3344594
2025-08-10 10:00:00,1.1073117
2025-08-10 11:00:00,0.9009739
2025-08-10 12:00:00,0.6481662
2025-08-10 13:00:00,0.39471367
2025-08-10 14:00:00,0.14925253
2025-08-10 15:00:00,-0.021779714
2025-08-10 16:00:00,0.12868793
2025-08-10 17:00:00,0.4293336
2025-08-10 18:00:00,0.7338586
2025-08-10 19:00:00,1.0447621
2025-08-10 20:00:00,1.2715596
2025-08-10 21:00:00,1.2513174
2025-08-10 22:00:00,1.0304917
2025-08-10 23:00:00,0.7984808
2025-08-11 00:00:00,0.5578798
2025-08-11 01:00:00,0.30257675
2025-08-11 02:00:00,0.072070844
2025-08-11 03:00:00,-0.101194054
2025-08-11 04:00:00,0.05765897
2025-08-11 05:00:00,0.37594077
2025-08-11 06:00:00,0.71343994
2025-08-11 07:00:00,1.0822473
2025-08-11 08:00:00,1.3915908
2025-08-11 09:00:00,1.4538926
2025-08-11 10:00:00,1.2856244
2025-08-11 11:00:00,1.1041688
2025-08-11 12:00:00,0.8319972
2025-08-11 13:00:00,0.56908065
2025-08-11 14:00:00,0.3100005
2025-08-11 15:00:00,0.0843456
2025-08-11 16:00:00,0.0065019066
2025-08-11 17:00:00,0.2786276
2025-08-11 18:00:00,0.59561384
2025-08-11 19:00:00,0.9071681
2025-08-11 20:00:00,1.2085426
2025-08-11 21:00:00,1.3723799
2025-08-11 22:00:00,1.2152518
2025-08-11 23:00:00,1.0485942
2025-08-12 00:00:00,0.7852938
2025-08-12 01:00:00,0.52916825
2025-08-12 02:00:00,0.27498218
2025-08-12 03:00:00,0.049215905
2025-08-12 04:00:00,-0.057444334
2025-08-12 05:00:00,0.20397486
2025-08-12 06:00:00,0.5362046
2025-08-12 07:00:00,0.8836421
2025-08-12 08:00:00,1.2388644
2025-08-12 09:00:00,1.4694577
2025-08-12 10:00:00,1.4209552
2025-08-12 11:00:00,1.2491193
2025-08-12 12:00:00,1.0185366
2025-08-12 13:00:00,0.7342195
2025-08-12 14:00:00,0.4708412
2025-08-12 15:00:00,0.21153218
2025-08-12 16:00:00,0.0060983654
2025-08-12 17:00:00,0.06974849
2025-08-12 18:00:00,0.38496372
2025-08-12 19:00:00,0.69834256
2025-08-12 20:00:00,1.0297118
2025-08-12 21:00:00,1.3036354
2025-08-12 22:00:00,1.3498029
2025-08-12 23:00:00,1.1958325
2025-08-13 00:00:00,0.9628903
2025-08-13 01:00:00,0.7106453
2025-08-13 02:00:00,0.46949568
2025-08-13 03:00:00,0.21357137
2025-08-13 04:00:00,0.01406792
2025-08-13 05:00:00,0.05711207
2025-08-13 06:00:00,0.3604692
2025-08-13 07:00:00,0.68444765
2025-08-13 08:00:00,1.0304205
2025-08-13 09:00:00,1.3447421
2025-08-13 10:00:00,1.4377816
2025-08-13 11:00:00,1.3380934
2025-08-13 12:00:00,1.1394281
2025-08-13 13:00:00,0.8658876
2025-08-13 14:00:00,0.6000582
2025-08-13 15:00:00,0.3414434
2025-08-13 16:00:00,0.10799182
2025-08-13 17:00:00,-0.03449811
2025-08-13 18:00:00,0.17692006
2025-08-13 19:00:00,0.49137667
2025-08-13 20:00:00,0.80048525
2025-08-13 21:00:00,1.1156572
2025-08-13 22:00:00,1.3356249
2025-08-13 23:00:00,1.261433
2025-08-14 00:00:00,1.1185429
2025-08-14 01:00:00,0.8673934
2025-08-14 02:00:00,0.6236761
2025-08-14 03:00:00,0.3820957
2025-08-14 04:00:00,0.15326686
2025-08-14 05:00:00,0.0028748296
2025-08-14 06:00:00,0.1755246
2025-08-14 07:00:00,0.47193712
2025-08-14 08:00:00,0.77630436
2025-08-14 09:00:00,1.0969383
2025-08-14 10:00:00,1.345296
2025-08-14 11:00:00,1.3467834
2025-08-14 12:00:00,1.1923897
